;FInal fit type;Reduced chi sq;c1;c1 err;Gamma1;Gamma1 err;Gamma2;Gamma2 err;Break point [MeV];Break point err [MeV];Exponential cutoff point [MeV];Cutoff err [MeV];Alpha
0;broken;0.2614512486578929;312.5460746032744;96.09417349862322;-4.355104866841722;0.7977122640840345;-1.3643224142432384;1.583455953505022;0.07463575906837559;0.019607548817369595;;;9.840768287525032
