;FInal fit type;Reduced chi sq;c1;c1 err;Gamma1;Gamma1 err;Gamma2;Gamma2 err;Break point [MeV];Break point err [MeV];Exponential cutoff point [MeV];Cutoff err [MeV];Alpha
0;broken;15.971620104257049;410.4093877744612;485.98360766106475;-1.4599076834427533;0.09583094198043725;-3.893346750981861;3.764713459969576;0.06575084761354659;0.29458522040127094;;;267.4413612363997
