;FInal fit type;Reduced chi sq;c1;c1 err;Gamma1;Gamma1 err;Gamma2;Gamma2 err;Break point [MeV];Break point err [MeV];Exponential cutoff point [MeV];Cutoff err [MeV];Alpha
0;broken;0.4914833534181151;393.1700739938867;161.73308931731853;23.72854538724629;183.17618245429898;-3.457564053727999;0.5545552110811197;0.03342046296993207;0.0;;;218.850930050673
