;FInal fit type;Reduced chi sq;c1;c1 err;Gamma1;Gamma1 err;Gamma2;Gamma2 err;Break point [MeV];Break point err [MeV];Exponential cutoff point [MeV];Cutoff err [MeV];Alpha
0;broken;4.612406550459238;1446.5973417374062;558.427909771976;-2.321947367560574;0.05449578770744592;-3.543569046775931;1.6856721420513041;0.0675080972252029;0.0;;;272.6236140509359
