;FInal fit type;Reduced chi sq;c1;c1 err;Gamma1;Gamma1 err;Gamma2;Gamma2 err;Break point [MeV];Break point err [MeV];Exponential cutoff point [MeV];Cutoff err [MeV];Alpha
0;broken;46.21027093416589;3592.300497789247;2001.911169919705;-1.4651873768391217;0.4988576154511923;-2.904997866625196;0.47075930419663586;0.012525873005687587;14.50685234484925;;;165.93366192490913
