;FInal fit type;Reduced chi sq;c1;c1 err;Gamma1;Gamma1 err;Gamma2;Gamma2 err;Break point [MeV];Break point err [MeV];Exponential cutoff point [MeV];Cutoff err [MeV];Alpha
0;cut;0.581594224231378;51751.67764290131;1645.4281302713177;-1.8361994419627374;0.04763041575936806;;;;;1.3128864025113316;0.8444429240290977;
