;FInal fit type;Reduced chi sq;c1;c1 err;Gamma1;Gamma1 err;Gamma2;Gamma2 err;Break point [MeV];Break point err [MeV];Exponential cutoff point [MeV];Cutoff err [MeV];Alpha
0;broken;11.613724043685057;847.8399848412087;234.26875823113696;-1.4981595445747484;0.5310410441855224;-3.0190611640779488;0.22705872035576494;0.013375338435413463;0.0;;;171.2616197821522
