;FInal fit type;Reduced chi sq;c1;c1 err;Gamma1;Gamma1 err;Gamma2;Gamma2 err;Break point [MeV];Break point err [MeV];Exponential cutoff point [MeV];Cutoff err [MeV];Alpha
0;cut;51.42304109745227;505251.13171011664;683839.4222974164;-0.9123969793294955;0.7667788731924874;;;;;0.06065827258801919;0.03495484759084139;
