;FInal fit type;Reduced chi sq;c1;c1 err;Gamma1;Gamma1 err;Gamma2;Gamma2 err;Break point [MeV];Break point err [MeV];Exponential cutoff point [MeV];Cutoff err [MeV];Alpha
0;cut;34.144802049044486;149680.96388798676;44579.34273214916;-1.7279993494382104;0.2188355082912305;;;;;0.16181897462650943;0.04961785929202477;
