;FInal fit type;Reduced chi sq;c1;c1 err;Gamma1;Gamma1 err;Gamma2;Gamma2 err;Break point [MeV];Break point err [MeV];Exponential cutoff point [MeV];Cutoff err [MeV];Alpha
0;broken;0.5155575862379415;8110.917446282255;907.2119337870416;-3.0657103599856677;0.42249582628201154;-3.7799068936242906;0.2876825781060852;0.06806639677501439;0.02438699957908505;;;21.176502380911796
