;FInal fit type;Reduced chi sq;c1;c1 err;Gamma1;Gamma1 err;Gamma2;Gamma2 err;Break point [MeV];Break point err [MeV];Exponential cutoff point [MeV];Cutoff err [MeV];Alpha
0;cut;0.5192370192716713;599.1712275259484;131.816323651194;-2.2727958864728635;0.27629009297663976;;;;;0.44733685059613104;0.5715894211622564;
