;FInal fit type;Reduced chi sq;c1;c1 err;Gamma1;Gamma1 err;Gamma2;Gamma2 err;Break point [MeV];Break point err [MeV];Exponential cutoff point [MeV];Cutoff err [MeV];Alpha
0;cut;6.068752496060776;231483.4174751376;54470.41467681792;-1.1543324257537062;0.09681150536581648;;;;;0.03782881364735192;0.002876428822832656;
