;FInal fit type;Reduced chi sq;c1;c1 err;Gamma1;Gamma1 err;Gamma2;Gamma2 err;Break point [MeV];Break point err [MeV];Exponential cutoff point [MeV];Cutoff err [MeV];Alpha
0;broken;0.5711944360207353;5806.598320479752;339.1157818555112;-0.8342073337842916;2.073819212275682;-2.564722048307072;0.5976603206877642;0.0677135358042643;0.05873617859101658;;;2.6530750264657685
