;FInal fit type;Reduced chi sq;c1;c1 err;Gamma1;Gamma1 err;Gamma2;Gamma2 err;Break point [MeV];Break point err [MeV];Exponential cutoff point [MeV];Cutoff err [MeV];Alpha
0;broken;0.2720349822452605;5495.955962511043;477.0568085440301;-2.987220824384082;0.9027871299865105;-4.380897796636683;0.29422237161870474;0.05838608521164117;0.015446120268825149;;;8.535582054230147
