;FInal fit type;Reduced chi sq;c1;c1 err;Gamma1;Gamma1 err;Gamma2;Gamma2 err;Break point [MeV];Break point err [MeV];Exponential cutoff point [MeV];Cutoff err [MeV];Alpha
0;broken;2.971628900352948;3360.230311125226;457.7347165345886;-0.894297838906872;0.49024080838227585;-3.4509418148586573;0.3770224933152444;0.03306515836795672;0.004153642897979992;;;4.554964530743745
