;FInal fit type;Reduced chi sq;c1;c1 err;Gamma1;Gamma1 err;Gamma2;Gamma2 err;Break point [MeV];Break point err [MeV];Exponential cutoff point [MeV];Cutoff err [MeV];Alpha
0;broken;16.27886673988186;8261.203754786346;3897.939021540115;-0.9182047594994082;0.2303638013895014;-4.259237415489986;1.3859995929023254;0.06708580252121163;0.0;;;271.6764358128139
